<?xml version="1.0" encoding="UTF-8"?>
<project-private xmlns="http://www.netbeans.org/ns/project-private/1">
    <editor-bookmarks xmlns="http://www.netbeans.org/ns/editor-bookmarks/2" lastBookmarkId="0"/>
    <open-files xmlns="http://www.netbeans.org/ns/projectui-open-files/2">
        <group>
            <file>file:/C:/Users/HP/OneDrive/Documents/NetBeansProjects/CA_2/src/ca_2/MenuOption.java</file>
            <file>file:/C:/Users/HP/OneDrive/Documents/NetBeansProjects/CA_2/src/ca_2/JobPosition.java</file>
            <file>file:/C:/Users/HP/OneDrive/Documents/NetBeansProjects/CA_2/src/ca_2/Employee.java</file>
            <file>file:/C:/Users/HP/OneDrive/Documents/NetBeansProjects/CA_2/src/ca_2/CA_2.java</file>
            <file>file:/C:/Users/HP/OneDrive/Documents/NetBeansProjects/CA_2/src/ca_2/DepartmentType.java</file>
            <file>file:/C:/Users/HP/OneDrive/Documents/NetBeansProjects/CA_2/src/ca_2/Applicants_Form.txt</file>
        </group>
    </open-files>
</project-private>
